CO2,H2O
0.0116395504863182,0.988360449513682
