,Label,Modeled_Temperature(C),Modeled_Pressure(bars),H2O_liq,CO2_liq,XH2O_fl,XCO2_fl,FluidProportion_wt
0,Kil3-6_1a,1000.0,5000.0,0.426202675854206,0.346391834832634,0.01014057366353,0.98985942633647,0.0024053732535706425
1,Kil3-6_3a,1000.0,5000.0,0.427505689302417,0.340686330025398,0.0097938748143447,0.990206125185655,0.008166858670603938
2,Kil3-6_4a,1000.0,5000.0,0.439361359410916,0.311653237380262,0.0103497013397924,0.989650298660208,0.007386845512103998
