,Label,Modeled_Temperature(C),Modeled_Pressure(bars),H2O_liq,CO2_liq,XH2O_fl,XCO2_fl,FluidProportion_wt
0,Kil3-6_1a,1000,5000,0.47595851,0.348196586,0.012459306,0.987540694,0.009673465
1,Kil3-6_3a,1000,5000,0.477929354,0.342640349,0.012058866,0.987941134,0.004384737
2,Kil3-6_4a,1000,5000,0.490619027,0.313403326,0.012713218,0.987286782,0.010969177